step,forecast
1,20.756144602977688
2,21.64742587116645
3,22.53784464002161
4,23.427401744190018
5,24.316098017510825
